Scientific name,Authority,Year,CommonName,TypeLoc
"Chiloscyllium arabicum  Goubanov, 1980","Goubanov, 1980",1980,Arabian Carpet Shark,Persian Gulf
"Bathyraja irrasa  Hureau & Ozouf-Costaz, 1980","Hureau & Ozouf-Costaz, 1980",1980,Kerguelen Skate,Kerguelen Islands
"Gurgesiella dorsalifera  McEachran & Compagno, 1980","McEachran & Compagno, 1980",1980,Onefin Skate,SW Atlantic
"Hexatrygon bickelli Heemstra & Smith, 1980","Heemstra & Smith, 1980",1980,Sixgill Stingray,"Port Elizabeth, South Africa"
"Centrophorus isodon  (Chu, Meng & Liu, 1981)","(Chu, Meng & Liu, 1981)",1981,Blackfin Gulper Shark,South China Sea
"Apristurus sinensis Chu & Hu, 1981   ","Chu & Hu, 1981",1981,South China Catshark,South China Sea
"Bythaelurus immaculatus  (Chu & Meng, 1982)","(Chu & Meng, 1982)",1982,Spotless Catshark,South China Sea
"Carcharhinus wheeleri  Garrick, 1982","Garrick, 1982",1982,,Red Sea
"Pavoraja alleni  McEachran & Fechhelm, 1982","McEachran & Fechhelm, 1982",1982,Allen's Skate,"Western Australia, Australia"
"Okamejei heemstrai  (McEachran & Fechhelm, 1982)","(McEachran & Fechhelm, 1982)",1982,Narrow Skate,Kenya
"Sinobatis stenosoma  (Li & Hu, 1982)","(Li & Hu, 1982)",1982,Narrow Legskate,South China Sea
"Fluvitrygon signifer  (Compagno & Roberts, 1982)","(Compagno & Roberts, 1982)",1982,White-edge Whipray,"Kalimantan, Indonesia"
"Chiloscyllium burmense  Dingerkus & DeFino, 1983","Dingerkus & DeFino, 1983",1983,Burmese Bamboo Shark,"Rangoon, Burma"
"Megachasma pelagios  Taylor, Compagno & Struhsaker, 1983","Taylor, Compagno & Struhsaker, 1983",1983,Megamouth Shark,Hawaii
"Apristurus fedorovi  Dolganov, 1983","Dolganov, 1983",1983,Stout Catshark,Japan
"Apristurus pinguis  Deng, Xiong & Zhan, 1983","Deng, Xiong & Zhan, 1983",1983,Bulldog Catshark,East China Sea
"Bathyraja andriashevi  Dolganov, 1983","Dolganov, 1983",1983,Little-eye Skate,Japan
"Bathyraja bergi  Dolganov, 1983","Dolganov, 1983",1983,Bottom Skate,"Sakhalin Island, Russia"
"Bathyraja fedorovi  Dolganov, 1983","Dolganov, 1983",1983,Cinnamon Skate,western Pacific
"Bathyraja taranetzi  (Dolganov, 1983)","(Dolganov, 1983)",1983,Mud Skate,"Kuril Islands, NW Pacific"
"Bathyraja tzinovskii  Dolganov, 1983","Dolganov, 1983",1983,Creamback Skate,Japan
"Psammobatis lentiginosa  McEachran, 1983","McEachran, 1983",1983,Freckle Sandskate,Uruguay
"Psammobatis normani  McEachran, 1983","McEachran, 1983",1983,Shortfin Sandskate,SW Atlantic
"Psammobatis parvacauda  McEachran, 1983","McEachran, 1983",1983,Smalltail Sandskate,SW Atlantic
"Neoraja africana  (Stehmann & S�ret, 1983)","(Stehmann & S�ret, 1983)",1983,West African Dwarf Skate,Gabon
"Squalus acutirostris  Chu, Meng & Li, 1984","Chu, Meng & Li, 1984",1984,,China
"Scymnodon ichiharai  Yano & Tanaka, 1984","Yano & Tanaka, 1984",1984,Japanese Velvet Dogfish,"Suruga Bay, Japan"
"Mollisquama parini  Dolganov, 1984","Dolganov, 1984",1984,Pocket Shark,"Nazca Ridge, Eastern Pacific"
"Diplobatis colombiensis  Fechhelm & McEachran, 1984"," & McEachran, 1984",1984,Colombian Dwarf Numbfish,Colombia
"Bathyraja peruana  McEachran & Miyake, 1984","McEachran & Miyake, 1984",1984,Peruvian Skate,Peru
"Neoraja carolinensis  McEachran & Stehmann, 1984","McEachran & Stehmann, 1984",1984,Carolina Dwarf Skate,"North Carolina, USA"
"Fontitrygon margaritella  (Compagno & Roberts, 1984)","(Compagno & Roberts, 1984)",1984,Pearl Whipray,Cameroon
"Etmopterus carteri  Springer & Burgess, 1985","Springer & Burgess, 1985",1985,Cylindrical Lanternshark,Colombia
"Etmopterus perryi  Springer & Burgess, 1985","Springer & Burgess, 1985",1985,Dwarf Lanternshark,Colombia
"Oxynotus japonicus  Yano & Murofushi, 1985","Yano & Murofushi, 1985",1985,Japanese Roughshark,"Suruga Bay, Japan"
"Apristurus gibbosus  Meng, Chu & Li, 1985","Meng, Chu & Li, 1985",1985,Humpback Catshark,South China Sea
"Apristurus macrostomus  Chu, Meng & Li, 1985","Chu, Meng & Li, 1985",1985,Broadmouth Catshark,South China Sea
"Parmaturus macmillani  Hardy, 1985","Hardy, 1985",1985,New Zealand Filetail,New Zealand
"Paragaleus leucolomatus  Compagno & Smale, 1985","Compagno & Smale, 1985",1985,Whitetip Weasel Shark,"Natal, South Africa"
"Carcharhinus leiodon  Garrick, 1985","Garrick, 1985",1985,Smoothtooth Blacktip,Gulf of Aden
"Bathyraja papilionifera  Stehmann, 1985","Stehmann, 1985",1985,Atlantic Butterfly Skate,Argentina
"Bathyraja shuntovi  Dolganov, 1985","Dolganov, 1985",1985,Narrownose Skate,Lord Howe Ridge
"Breviraja claramaculata  McEachran & Matheson, 1985","McEachran & Matheson, 1985",1985,Brightspot Skate,"Florida, USA"
"Breviraja nigriventralis  McEachran & Matheson, 1985","McEachran & Matheson, 1985",1985,Blackbelly Skate,French Guinea
"Rajella kukujevi  (Dolganov, 1985)","(Dolganov, 1985)",1985,Mid-Atlantic Skate,NE Atlantic
"Squalus probatovi Myagkov & Kondyurin, 1986","Myagkov & Kondyurin, 1986",1986,,Angola
"Etmopterus schmidti  Dolganov, 1986","Dolganov, 1986",1986,,Japan
"Etmopterus sheikoi  (Dolganov, 1986)","(Dolganov, 1986)",1986,Rasptooth Dogfish,Kyushu-Palau Ridge
"Scymnodalatias albicauda  Taniuchi & Garrick, 1986","Taniuchi & Garrick, 1986",1986,Whitetail Dogfish,South Indian Ocean
"Apristurus micropterygeus  Meng, Chu & Li, 1986","Meng, Chu & Li, 1986",1986,Smalldorsal Catshark,South China Sea
"Bythaelurus clevai  (S�ret, 1987)","(S�ret, 1987)",1987,Broadhead Catshark,off Tulear
"Galeus longirostris  Tachikawa & Taniuchi, 1987","Tachikawa & Taniuchi, 1987",1987,Longnose Sawtail Catshark,Japan
"Rhinobatos punctifer  Compagno & Randall, 1987","Compagno & Randall, 1987",1987,Spotted Guitarfish,Red Sea
"Bathyraja meridionalis  Stehmann, 1987","Stehmann, 1987",1987,Darkbelly Skate,South Georgia Island
"Amblyraja taaf  (Meisner, 1987)","(Meisner, 1987)",1987,Whiteleg Skate,SW Indian Ocean
"Okamejei boesemani  (Ishihara, 1987)","(Ishihara, 1987)",1987,Black Sand Skate,East China Sea
"Hemitrygon laosensis  (Roberts & Karnasuta, 1987)","(Roberts & Karnasuta, 1987)",1987,Mekong Stingray,Thailand
"Neotrygon annotata  (Last, 1987)","(Last, 1987)",1987,Plain Maskray,"Western Australia, Australia"
"Neotrygon leylandi  (Last, 1987)","(Last, 1987)",1987,Painted Maskray,"Western Australia, Australia"
"Plesiotrygon iwamae  Rosa, Castello, & Thorson, 1987 ","Rosa, Castello,  & Thorson, 1987",1987,Antenna Ray,Brazil
"Trygonoptera ovalis  Last & Gomon, 1987","Last & Gomon, 1987",1987,Striped Stingaree,"Western Australia, Australia"
"Trygonoptera personata  Last & Gomon, 1987","Last & Gomon, 1987",1987,Masked Stingaree,"Western Australia, Australia"
"Urolophus flavomosaicus  Last & Gomon, 1987","Last & Gomon, 1987",1987,Patchwork Stingaree,"Western Australia, Australia"
"Urolophus mitosis  Last & Gomon, 1987","Last & Gomon, 1987",1987,Mitotic Stingaree,"Western Australia, Australia"
"Urolophus orarius  Last & Gomon, 1987","Last & Gomon, 1987",1987,Coastal Stingaree,"South Australia, Australia"
"Urolophus westraliensis  Last & Gomon, 1987","Last & Gomon, 1987",1987,Brown Stingaree,"Western Australia, Australia"
"Mobula munkiana  Notarbartolo-di-Sciara, 1987","Notarbartolo-di-Sciara, 1987",1987,Pygmy Devilray,"Baja California, Mexico"
"Etmopterus splendidus  Yano, 1988","Yano, 1988",1988,Splendid Lanternshark,Japan
"Scymnodalatias garricki Kukuyev & Konovalenko, 1988","Kukuyev & Konovalenko, 1988",1988,Azores Dogfish,North Atlantic Ridge
Scymnodalatias oligodon Kukuyev & Konovalenko 1988,Kukuyev & Konovalenko1988,1988,Sparsetooth Dogfish,Southeastern Pacific
"Apristurus internatus  Deng, Xiong & Zhan, 1988","Deng, Xiong & Zhan, 1988",1988,Shortnose Demon Catshark,East China Sea
"Scyliorhinus comoroensis  Compagno, 1988","Compagno, 1988",1988,Comoro Catshark,Comoro Islands
"Beringraja cortezensis  (McEachran & Miyake, 1988)","(McEachran & Miyake, 1988)",1988,Cortez Skate,"Gulf of California, Mexico"
"Hemitrygon izuensis  (Nishida & Nakaya, 1988)","(Nishida & Nakaya, 1988)",1988,Izu Stingray,Japan
"Telatrygon acutirostra  (Nishida & Nakaya, 1988)","(Nishida & Nakaya, 1988)",1988,Sharpnose Ray,East China Sea
"Urotrygon nana  Miyake & McEachran, 1988","Miyake & McEachran, 1988",1988,Dwarf Round Ray,"Chiapas, Mexico"
"Urotrygon reticulata  Miyake & McEachran, 1988","Miyake & McEachran, 1988",1988,Reticulate Round Ray,Pacific Panama
"Urotrygon simulatrix  Miyake & McEachran, 1988","Miyake & McEachran, 1988",1988,Fake Round Ray,Pacific Panama
"Heteronarce bentuviai (Baranes & Randall, 1989) ","(Baranes & Randall, 1989)",1989,Eilat Sleeper Ray,Israel
"Insentiraja subtilispinosa (Stehmann, 1989)","(Stehmann, 1989)",1989,Western Looseskin Skate,"Manila, Philippines"
"Dipturus crosnieri  (S�ret, 1989)","(S�ret, 1989)",1989,Madagascar Skate,Madagascar
"Fenestraja maceachrani  (S�ret, 1989)","(S�ret, 1989)",1989,Madagascar Pygmy Skate,Madagascar
"Centroscyllium excelsum  Shirai & Nakaya, 1990","Shirai & Nakaya, 1990",1990,Highfin Dogfish,Emperor Seamount Chain 
"Etmopterus compagnoi  Fricke & Koch, 1990","Fricke & Koch, 1990",1990,Brown Lanternshark,South Africa
"Etmopterus litvinovi  Parin & Kotlyar, 1990","Parin & Kotlyar, 1990",1990,Smalleye Lanternshark,SE Pacific
"Etmopterus pycnolepis  Kotlyar, 1990","Kotlyar, 1990",1990,Densescale Lanternshark,SE Pacific
"Trigonognathus kabeyai  Mochizuki & Ohe, 1990","Mochizuki & Ohe, 1990",1990,Viper Dogfish,Japan
"Aulohalaelurus kanakorum  S�ret, 1990","S�ret, 1990",1990,New Caledonia Catshark,New Caledonia
"Hydrolagus pallidus  Hardy & Stehmann, 1990","Hardy & Stehmann, 1990",1990,Pale Chimaera,eastern North Atlantic 
"Rhinochimaera africana Compagno, Stehmann & Ebert, 1990","Compagno, Stehmann & Ebert, 1990",1990,Spearnose Spookfish,South Africa
"Narcine rierai  (Lloris & Rucabado, 1991)","(Lloris & Rucabado, 1991)",1991,Mozambique Numbfish,Mozambique
"Squatina occulta Vooren & da Silva, 1992","Vooren & da Silva, 1992",1992,Hidden Angelshark,southern Brazil
"Insentiraja laxipella  Yearsley & Last, 1992","Yearsley & Last, 1992",1992,Eastern Looseskin Skate,"Queensland, Australia"
"Etmopterus bigelowi Shirai & Tachikawa, 1993","Shirai & Tachikawa, 1993",1993,Slender Lanternshark,Angola
"Galeus gracilis Compagno & Stevens, 1993 ","Compagno & Stevens, 1993",1993,Slender Sawtail Shark,"Northern Territory, Australia"
"Atelomycterus fasciatus Compagno & Stevens, 1993 ","Compagno & Stevens, 1993",1993,Banded Catshark,"Western Australia, Australia"
"Hemitriakis abdita Compagno & Stevens, 1993","Compagno & Stevens, 1993",1993,Darksnout Hound Shark,"Queensland, Australia"
"Hemitriakis falcata Compagno & Stevens, 1993","Compagno & Stevens, 1993",1993,Sicklefin Hound Shark,"Western Australia, Australia"
"Notoraja ochroderma  McEachran & Last, 1994","McEachran & Last, 1994",1994,Pale Skate,"Queensland, Australia"
"Acroteriobatus salalah  (Randall & Compagno, 1995)","(Randall & Compagno, 1995)",1995,Salalah Guitarfish,Oman
"Pseudobatos prahli  (Acero & Franke, 1995)",(Acero & Franke 1995),1995,Gorgona Guitarfish,Colombia
"Bathyraja hesperafricana  Stehmann, 1995","Stehmann, 1995",1995,West African Skate,Senegal
"Breviraja mouldi  McEachran & Matheson, 1995","McEachran & Matheson, 1995",1995,Mould's Skate,Hondurus
"Leucoraja compagnoi  (Stehmann, 1995)","(Stehmann, 1995)",1995,Tigertail Skate,South Africa
"Raja pita  Fricke & Al-Hassan, 1995","Fricke & Al-Hassan, 1995",1995,Pita Skate,"Persian Gulf, Iraq"
"Paragaleus randalli  Compagno, Krupp & Carpenter, 1996","Compagno, Krupp & Carpenter, 1996",1996,Slender Weasel Shark,Bahrain
"Neoharriotta pumila  Didier & Stehmann, 1996","Didier & Stehmann, 1996",1996,Arabian Sicklefin Chimaera,"Socotra Islands, near Yemen"
"Etmopterus robinsi  Schofield & Burgess, 1997","Schofield & Burgess, 1997",1997,West Indian Lanternshark,Bahamas
"Mustelus minicanis  Heemstra, 1997","Heemstra, 1997",1997,Venezuelan Dwarf Smoothhound,Venezuela and Aruba
"Mustelus sinusmexicanus  Heemstra, 1997","Heemstra, 1997",1997,Gulf Smoothhound,"Alabama, USA"
"Hongeo koreana (Jeong & Nakabo, 1997)","(Jeong & Nakabo, 1997)",1997,Korean Skate,Korea
"Apristurus aphyodes  Nakaya & Stehmann, 1998","Nakaya & Stehmann, 1998",1998,White Ghost Catshark,eastern North Atlantic
"Galeus springeri  Konstantinou & Cozzi, 1998","Konstantinou & Cozzi, 1998",1998,Springer's Sawtail Catshark,Lesser Antilles
"Urotrygon cimar  L�pez & Bussing, 1998","L�pez & Bussing, 1998",1998,Cimar Round Ray,Costa Rica
"Chimaera panthera  Didier, 1998","Didier, 1998",1998,Panther Chimaera,Lord Howe Rise
"Apristurus albisoma  Nakaya & S�ret, 1999","Nakaya & S�ret, 1999",1999,White-bodied Catshark,New Caledonia
"Apristurus exsanguis  Sato, Nakaya & Stewart, 1999","Sato, Nakaya & Stewart, 1999",1999,Flaccid Catshark,"East Chatham Rise, New Zealand"
"Asymbolus funebris Compagno, Stevens & Last, 1999","Compagno, Stevens & Last, 1999",1999,Blotched Catshark,"Western Australia, Australia"
"Asymbolus occiduus Last, Gomon & Gledhill, 1999","Last, Gomon & Gledhill, 1999",1999,Western Spotted Catshark,"Western Australia, Australia"
"Asymbolus pallidus Last, Gomon & Gledhill, 1999","Last, Gomon & Gledhill, 1999",1999,Pale Spotted Catshark,"Queensland, Australia"
"Asymbolus parvus Compagno, Stevens & Last, 1999","Compagno, Stevens & Last, 1999",1999,Dwarf Catshark,"Western Australia, Australia"
"Asymbolus rubiginosus Last, Gomon & Gledhill, 1999","Last, Gomon & Gledhill, 1999",1999,Orange Spotted Catshark,"Victoria, Australia"
"Asymbolus submaculatus Compagno, Stevens & Last, 1999","Compagno, Stevens & Last, 1999",1999,Variegated Catshark,"New South Wales, Australia"
"Rajella eisenhardti  Long & McCosker, 1999"," & McCosker, 1999",1999,Galapagos Skate,Galapagos Islands
"Hypanus marianae  (Gomes, Rosa & Gadig, 2000)","(Gomes, Rosa & Gadig, 2000)",2000,Large-eye Stingray,Brazil
"Galeus mincaronei  Soto, 2001","Soto, 2001",2001,Southern Sawtail Catshark,Brazil
"Schroederichthys saurisqualus  Soto, 2001","Soto, 2001",2001,Southern Sawtail,Brazil
"Benthobatis kreffti  Rincon, Stehmann & Vooren, 2001","Rincon, Stehmann & Vooren, 2001",2001,Krefft's Blind Numbfish,southern Brazil
"Narcine leoparda  de Carvalho, 2001","de Carvalho, 2001",2001,Leopard Numbfish,Columbia
"Dipturus mennii  Gomes & Parag�, 2001","Gomes & Parag�, 2001",2001,Menni's Skate,western Brazil
"Etmopterus caudistigmus  Last, Burgess & S�ret, 2002","Last, Burgess & S�ret, 2002",2002,Tailspot Lanternshark,New Caledonia
"Etmopterus dianthus Last, Burgess & S�ret, 2002","Last, Burgess & S�ret, 2002",2002,Pink Lanternshark,"Queensland, Australia"
"Etmopterus dislineatus Last, Burgess & S�ret, 2002","Last, Burgess & S�ret, 2002",2002,Lined Lanternshark,"Queensland, Australia"
"Etmopterus evansi Last, Burgess & S�ret, 2002","Last, Burgess & S�ret, 2002",2002,Blackmouth Lanternshark,"Western Australia, Australia"
"Etmopterus fusus Last, Burgess & S�ret, 2002","Last, Burgess & S�ret, 2002",2002,Pygmy Lanternshark,"Western Australia, Australia"
"Etmopterus pseudosqualiolus  Last, Burgess & S�ret, 2002","Last, Burgess & S�ret, 2002",2002,False Lanternshark,Norfolk Ridge
"Parascyllium sparsimaculatum  Goto & Last, 2002","Goto & Last, 2002",2002,Ginger Carpet Shark,"Western Australia, Australia"
"Narcine insolita  de Carvalho, S�ret & Compagno, 2002","de Carvalho, S�ret & Compagno, 2002",2002,Madagascar Numbfish ,Madagascar
"Narcine oculifera  de Carvalho, Compagno & Mee, 2002","de Carvalho, Compagno & Mee, 2002",2002,Bigeye Numbfish,Gulf of Oman
"Narcinops lasti  (de Carvalho & S�ret, 2002)","(de Carvalho & S�ret, 2002)",2002,West Australian Numbfish,"Western Australia, Australia"
"Torpedo adenensis  de Carvalho, Stehmann & Manilo, 2002","de Carvalho, Stehmann & Manilo, 2002",2002,Aden Torpedo,Gulf of Aden
"Chimaera lignaria Didier, 2002","Didier, 2002",2002,Giant Chimaera,"Chatham Rise, New Zealand"
"Hydrolagus bemisi  Didier, 2002","Didier, 2002",2002,Pale Ghostshark,New Zealand
"Hydrolagus trolli  Didier & S�ret, 2002","Didier & S�ret, 2002",2002,Pointy-nosed Blue Chimaera ,New Caledonia
"Squalus lalannei  Baranes, 2003","Baranes, 2003",2003,Seychelles Spurdog,Seychelles
"Centrophorus seychellorum  Baranes, 2003","Baranes, 2003",2003,Seychelles Gulper Shark,Seychelles
"Benthobatis yangi  de Carvalho, Compagno & Ebert, 2003","de Carvalho, Compagno & Ebert, 2003",2003,Yang's Blind Numbfish,Taiwan
"Narcine atzi  de Carvalho & Randall, 2003","de Carvalho & Randall, 2003",2003,Oman Numbfish,Gulf of Oman
"Urolophus deforgesi  S�ret & Last, 2003","S�ret & Last, 2003",2003,Chesterfield Stingaree ,Chesterfields Island
"Urolophus neocaledoniensis  S�ret & Last, 2003","S�ret & Last, 2003",2003,New Caledonian Stingaree,Chesterfields Island
"Urolophus papilio  S�ret & Last, 2003","S�ret & Last, 2003",2003,Butterfly Stingaree,Chesterfields Island
"Urolophus piperatus S�ret & Last, 2003","S�ret & Last, 2003",2003,Coral Sea Stingaree,"Queensland, Australia"
"Apristurus melanoasper  Igl�sias, Nakaya & Stehmann, 2004 ","Igl�sias, Nakaya & Stehmann, 2004",2004,Fleshynose Catshark,North Atlantic
"Proscyllium magnificum  Last & Vongpanich, 2004","Last & Vongpanich, 2004",2004,Magnificent Catshark,Myanmar
"Hemitriakis complicofasciata  Takahashi & Nakaya, 2004","Takahashi & Nakaya, 2004",2004,Ocellate Topeshark,Japan
"Rhinobatos nudidorsalis  Last, Compagno & Nakaya, 2004","Last, Compagno & Nakaya, 2004",2004,Bareback Guitarfish,"Mascarene Ridge, Indian Ocean"
"Rhinobatos sainsburyi Last, 2004 ","Last, 2004",2004,Goldeneye Guitarfish,"Western Australia, Australia"
"Aptychotrema timorensis  Last, 2004 ","Last, 2004",2004,Spotted Shovelnose Ray,"Northern Territory, Australia"
"Bathyraja cousseauae  Diaz de Astarloa & Mabragana, 2004","DiazdeAstarloa & Mabragana, 2004",2004,Cousseau's Skate,Patagonian continental shelf
"Bathyraja mariposa  Stevenson, Orr, Hoff & McEachran, 2004","Stevenson, Orr, Hoff & McEachran, 2004",2004,Pacific Butterfly Skate,Aleutian Islands
"Dasyatis hypostigma  Santos & Carvalho, 2004","Santos & Carvalho, 2004",2004,Groovebelly Stingray,Brazil
"Fontitrygon colarensis  (Santos, Gomes & Charvet-Almeida, 2004)","(Santos, Gomes & Charvet-Almeida, 2004)",2004,Colares Stingray,Brazil
"Hydrolagus matallanasi  Soto & Vooren, 2004","Soto & Vooren, 2004",2004,Striped Rabbitfish,Brazil
"Heterodontus omanensis  Baldwin, 2005","Baldwin, 2005",2005,Oman Bullhead Shark,Central Oman
"Atelomycterus baliensis  White, Last & Dharmadi, 2005","White, Last & Dharmadi, 2005",2005,Bali Catshark,"Bali, Indonesia"
"Cephaloscyllium sarawakensis  Yano, Ahmad & Gambang, 2005","Yano, Ahmad & Gambang, 2005",2005,Sarawak Pygmy Swellshark,"Sarawak, Borneo"
"Mustelus albipinnis  Castro-Aguirre, Atuna-Mendiola, Gonz�z-Acosta & De la Cruz-Ag�ero, 2005","Castro-Aguirre, Atuna-Mendiola, Gonz�z-Acosta & DelaCruz-Ag�ero, 2005",2005,White Margin Hound Shark,Mexico
"Hemigaleus australiensis  White, Last & Compagno, 2005","White, Last & Compagno, 2005",2005,Australian Weasel Shark,"Western Australia, Australia"
"Bathyraja ishiharai  Stehmann, 2005","Stehmann, 2005",2005,Abyssal Skate,off southwestern Australia
"Bathyraja tunae Stehmann, 2005","Stehmann, 2005",2005,Cristina's Skate,??
"Malacoraja obscura  Carvalho, Gomes & Gadig, 2005","Carvalho, Gomes & Gadig, 2005",2005,Brazilian Soft Skate,Brazil
"Fluvitrygon kittipongi  (Vidthayanon & Roberts, 2006)","(Vidthayanon & Roberts, 2005)",2005,Roughback Whipray,Thailand
"Pastinachus solocirostris  Last, Manjaji & Yearsley, 2005","Last, Manjaji-Matsumoto & Yearsley, 2005",2005,Roughnose Cowtail Ray,"Sarawak, Borneo"
"Hydrolagus lusitanicus  Moura, Figuerido, Bordalo-Machado, Almeida & Gordo, 2005","Moura, Figuerido, Bordalo-Machado, Almeida & Gordo, 2005",2005,Portuguese Rabbitfish,Portugal
"Etmopterus burgessi  Schaaf-Da Silva & Ebert, 2006","Schaaf-DaSilva & Ebert, 2006",2006,Broad-Snout Lanternshark,Taiwan
"Orectolobus hutchinsi  Last, Chidlow & Compagno, 2006","Last, Chidlow & Compagno, 2006",2006,Western Wobbegong,"Rottnest Island, Western Australia"
"Haploblepharus kistnasamyi  Human & Compagno, 2006","Human & Compagno, 2006",2006,Eastern Shyshark,"Natal, South Africa"
"Holohalaelurus favus  Human, 2006","Human, 2006",2006,Honeycomb Izak,"Natal, South Africa"
"Holohalaelurus grennian  Human, 2006","Human, 2006",2006,East African Spotted Izak,Kenya
"Mustelus ravidus  White & Last, 2006","White & Last, 2006",2006,Grey Gummy Shark,"Western Australia, Australia"
"Mustelus widodoi  White & Last, 2006","White & Last, 2006",2006,White-fin Smoothhound,"Bali, Indonesia"
"Rhinobatos jimbaranensis  Last, White & Fahmi, 2006","Last, White & Fahmi, 2006",2006,Jimbaran Guitarfish,"Bali, Indonesia"
"Rhinobatos penggali  Last, White & Fahmi, 2006","Last, White & Fahmi, 2006",2006,Indonesian Guitarfish,"Bali, Indonesia"
"Tetronarce formosa  (Haas & Ebert, 2006)","(Haas & Ebert, 2006)",2006,Taiwanese Torpedo,Taiwan
"Brochiraja aenigma  Last & McEachran, 2006","Last & McEachran, 2006",2006,Enigma Skate,Norfolk Ridge
"Brochiraja albilabiata  Last & McEachran, 2006","Last & McEachran, 2006",2006,Whitelip Skate,"Three Kings Trough, New Zealand"
"Brochiraja leviveneta  Last & McEachran, 2006","Last & McEachran, 2006",2006,Blue Deepwater Skate,Challenger Plateau
"Brochiraja microspinifera  Last & McEachran, 2006","Last & McEachran, 2006",2006,Small Deepwater Skate,"North Island, New Zealand"
"Notoraja hirticauda  Last & McEachran, 2006","Last & McEachran, 2006",2006,Australian Ghost Skate,"Western Australia, Australia"
"Pateobatis hortlei  (Last, Manjaji-Matsumoto & Kailola, 2006)","(Last, Manjaji-Matsumoto & Kailola, 2006)",2006,Hortle's Whipray,"Irian Jaya, Indonesia"
"Urogymnus lobistomus  (Manjaji-Matsumoto & Last, 2006)","(Manjaji-Matsumoto & Last, 2006)",2006,Tubemouth Whipray,"Sarawak, Borneo"
"Potamotrygon marinae  Deynat, 2006","Deynat, 2006",2006,Frecnh Guiana Freshwater Stingray,French Guinea
"Urolophus kapalensis Yearsley & Last, 2006","Yearsley & Last, 2006",2006,Kapala Stingaree,"New South Wales, Australia"
"Hydrolagus alphus  Quaranta, Didier, Long & Ebert, 2006","Quaranta, Didier, Long & Ebert, 2006",2006,Whitespot Ghostshark,Galapagos Islands
"Hydrolagus mccoskeri  Barnett, Didier, Long & Ebert, 2006","Barnett, Didier, Long & Ebert, 2006",2006,Galapagos Ghostshark,Galapagos Islands
"Cirrhigaleus australis White, Last & Stevens, 2007","White, Last & Stevens, 2007",2007,Southern Mandarin Dogfish,"Tasmania, Australia"
"Squalus albifrons  Last, White & Stevens, 2007","Last, White & Stevens, 2007",2007,Eastern Highfin Spurdog,"New South Wales, Australia"
"Squalus altipinnis  Last, White & Stevens, 2007","Last, White & Stevens, 2007",2007,Western Highfin Spurdog,"Western Australia, Australia"
"Squalus bucephalus  Last, S�ret & Pogonoski, 2007","Last, S�ret & Pogonoski, 2007",2007,Bighead Spurdog,New Caledonia
"Squalus chloroculus  Last, White & Motomura, 2007","Last, White & Motomura, 2007",2007,Greeneye Spurdog,"Victoria, Australia"
"Squalus crassispinus  Last, Edmunds & Yearsley, 2007","Last, Edmunds & Yearsley, 2007",2007,Fatspine Spurdog,"Western Australia, Australia"
"Squalus edmundsi  White, Last & Stevens, 2007","White, Last & Stevens, 2007",2007,Edmunds' Spurdog,"Western Australia, Australia"
"Squalus grahami  White, Last & Stevens, 2007","White, Last & Stevens, 2007",2007,Eastern Longnose Spurdog,"New South Wales, Australia"
"Squalus hemipinnis  White, Last & Yearsley, 2007","White, Last & Yearsley, 2007",2007,Indonesian Shortnose Spurdog,"Bali, Indonesia"
"Squalus nasutus  Last, Marshall & White, 2007","Last, Marshall & White, 2007",2007,Western Longnose Spurdog,"Western Australia, Australia"
"Squalus notocaudatus  Last, White & Stevens, 2007","Last, White & Stevens, 2007",2007,Bartail Spurdog,"Queensland, Australia"
"Squalus raoulensis  Duffy & Last, 2007","Duffy & Last, 2007",2007,Raoul Spurdog,"Kermadec Islands, New Zealand"
"Halaelurus maculosus  White, Last & Stevens, 2007","White, Last & Stevens, 2007",2007,Indonesian Speckled Catshark,"Bali, Indonesia"
"Halaelurus sellus  White, Stevens & Last, 2007  ","White, Stevens & Last, 2007",2007,Australian Speckled Catshark,"Western Australia, Australia"
"Parmaturus albimarginatus  S�ret & Last, 2007 ","S�ret & Last, 2007",2007,White-tip Catshark,New Caledonia
"Parmaturus albipenis  S�ret & Last, 2007 ","S�ret & Last, 2007",2007,White-clasper Catshark,New Caledonia
"Parmaturus bigus  S�ret & Last, 2007 ","S�ret & Last, 2007",2007,Short-tail Catshark,"Queensland, Australia"
"Parmaturus lanatus  S�ret & Last, 2007","S�ret & Last, 2007",2007,Velvet Catshark,"Arafura Sea, Indonesia"
"Atelomycterus marnkalha  Jacobsen & Bennett, 2007","Jacobsen & Bennett, 2007",2007,Eastern Banded Catshark,"Torres Strait, Australia"
"Electrolux addisoni  Compagno & Heemstra, 2007","Compagno & Heemstra, 2007",2007,Ornate Sleeper Ray,South Africa
"Okamejei mengae  Jeong, Nakabo & Wu, 2007","Jeong, Nakabo & Wu, 2007",2007,Meng's Skate,"Gwangdong, USA"
"Zearaja maugeana  Last & Gledhill, 2007","Last & Gledhill, 2007",2007,Maugean Skate,"Tasmania, Australia"
"Makararaja chindwinensis Roberts, 2007","Roberts, 2007",2007,Chindwin Cowtail Ray,Myanmar
"Centrophorus westraliensis  White, Ebert & Compagno, 2008","White, Ebert & Compagno, 2008",2008,Western Gulper Shark,"Western Australia, Australia"
"Pristiophorus delicatus  Yearsley, Last & White, 2008","Yearsley, Last & White, 2008",2008,Tropical Sawshark,"Queensland, Australia"
"Squatina albipunctata  Last & White, 2008 ","Last & White, 2008",2008,Eastern Angel Shark,"Victoria, Australia"
"Squatina legnota  Last & White, 2008 ","Last & White, 2008",2008,Indonesian Angelshark,"Java, Indonesia"
"Squatina pseudocellata  Last & White, 2008","Last & White, 2008",2008,Western Angel Shark,"Western Australia, Australia"
"Parascyllium elongatum  Last & Stevens, 2008","Last & Stevens, 2008",2008,Elongate Carpet Shark,"Western Australia, Australia"
"Orectolobus floridus  Last & Chidlow, 2008","Last & Chidlow, 2008",2008,Floral Banded Wobbegong,"off Green Head, Western Australia"
"Orectolobus parvimaculatus  Last & Chidlow, 2008","Last & Chidlow, 2008",2008,Dwarf Spotted Wobbegong,"Western Australia, Australia"
"Orectolobus reticulatus Last, Pogonoski & White, 2008","Last, Pogonoski & White, 2008",2008,Network Wobbegong,"Northern Territory, Australia"
"Hemiscyllium galei  Allen & Erdmann, 2008","Allen & Erdmann, 2008",2008,Cenderwasih Epaulette Shark ,"Irian Jaya, Indonesia"
"Hemiscyllium henryi  Allen & Erdmann, 2008","Allen & Erdmann, 2008",2008,Triton Epaulette Shark ,"Irian Jaya, Indonesia"
"Apristurus ampliceps  Sasahara, Sato & Nakaya, 2008 ","Sasahara, Sato & Nakaya, 2008 ",2008,Roughskin Catshark,New Zealand
"Apristurus australis  Sato, Nakaya & Yorozu, 2008 ","Sato, Nakaya & Yorozu, 2008",2008,Pinocchio Catshark,"New South Wales, Australia"
"Apristurus bucephalus  White, Last & Pogonoski, 2008","White, Last & Pogonoski, 2008",2008,Bighead Catshark,"Western Australia, Australia"
"Asymbolus galacticus  S�ret & Last, 2008","S�ret & Last, 2008",2008,Starry Catshark,New Caledonia
"Bythaelurus incanus  Last & Stevens, 2008 ","Last & Stevens, 2008",2008,Dusky Catshark,"Western Australia, Australia"
"Figaro striatus Gledhill, Last & White, 2008 ","Gledhill, Last & White, 2008",2008,Northern Sawtail Shark,"Queensland, Australia"
"Galeus priapus S�ret & Last, 2008","S�ret & Last, 2008",2008,Phallic Catshark,New Caledonia
"Cephaloscyllium albipinnum  Last, Motomura & White, 2008 ","Last, Motomura & White, 2008",2008,Whitefin Swellshark,"Tasmania, Australia"
"Cephaloscyllium cooki  Last, S�ret & White, 2008 ","Last, S�ret & White, 2008",2008,Cook's Swellshark,"Northern Territory, Australia"
"Cephaloscyllium hiscosellum  White & Ebert, 2008","White & Ebert, 2008",2008,Australian Reticulate Swell Shark,"Western Australia, Australia"
"Cephaloscyllium pictum  Last, S�ret & White, 2008","Last, S�ret & White, 2008",2008,Painted Swellshark,"Lombok, Indonesia"
"Cephaloscyllium signourum   Last, S�ret & White, 2008 ","Last, S�ret & White, 2008",2008,Flagtail Swellshark,"Queensland, Australia"
"Cephaloscyllium speccum  Last, S�ret & White, 2008","Last, S�ret & White, 2008",2008,Speckled Swellshark,"Western Australia, Australia"
"Cephaloscyllium variegatum  Last & White, 2008 ","Last & White, 2008",2008,Saddled Swellshark,"New South Wales, Australia"
"Cephaloscyllium zebrum  Last & White, 2008 ","Last & White, 2008",2008,Narrowbar Swellshark,"Queensland, Australia"
"Mustelus stevensi  White & Last, 2008","White & Last, 2008",2008,Western Spotted Gummy Shark,"Western Australia, Australia"
"Glyphis garricki  Compagno, White & Last, 2008","Compagno, White & Last, 2008",2008,Northern River Shark,"Western Australia, Australia"
"Rhynchobatus palpebratus  Compagno & Last, 2008","Compagno & Last, 2008",2008,Eyebrow Wedgefish,"Northern Territory, Australia"
"Discopyge castelloi  Menni, Rincon & Garcia, 2008","Menni, Rincon & Garcia, 2008",2008,Castello's Apron Numbfish,Argentina
"Narcinops nelsoni  (de Carvalho, 2008)","Carvalho, 2008",2008,East Australian Numbfish,"Queensland, Australia"
"Narcinops ornata  (de Carvalho, 2008)","(Carvalho, 2008)",2008,Ornate Numbfish,"Queensland, Australia"
"Irolita westraliensis  Last & Gledhill, 2008","Last & Gledhill, 2008",2008,Western Round Skate,"Western Australia, Australia"
"Notoraja azurea  McEachran & Last, 2008","McEachran & Last, 2008",2008,Blue Skate,"Tasmania, Australia"
"Notoraja lira  McEachran & Last, 2008","McEachran & Last, 2008",2008,Broken Ridge Skate,"Broken Ridge, Indian Ocean"
"Notoraja sticta  McEachran & Last, 2008","McEachran & Last, 2008",2008,Blotched Skate,"South Australia, Australia"
"Pavoraja arenaria Last, Mallick & Yearsley, 2008","Last, Mallick & Yearsley, 2008",2008,Australian Sandy Skate,"Western Australia, Australia"
"Pavoraja mosaica  Last, Mallick & Yearsley, 2008","Last, Mallick & Yearsley, 2008",2008,Mosaic Skate,"Queensland, Australia"
"Pavoraja pseudonitida  Last, Mallick & Yearsley, 2008 ","Last, Mallick & Yearsley, 2008",2008,False Peacock Skate,"Queensland, Australia"
"Pavoraja umbrosa  Last, Mallick & Yearsley, 2008","Last, Mallick & Yearsley, 2008",2008,Dusky Skate,"Queensland, Australia"
"Dentiraja confusus  (Last, 2008)","(Last, 2008)",2008,Australian Longnose Skate,"Victoria, Australia"
"Dentiraja endeavouri   (Last, 2008)","(Last, 2008)",2008,Endeavour Skate,"Queensland, Australia"
"Dentiraja falloargus  (Last, 2008)","(Last, 2008)",2008,False Argus Skate,"Western Australia, Australia"
"Dentiraja flindersi  Last & Gledhill, 2008","Last & Gledhill, 2008",2008,Pygmy Thornback Skate,"South Australia, Australia"
"Dentiraja healdi  (Last, White & Pogonoski, 2008)","(Last, White & Pogonoski, 2008)",2008,Heald's Skate,"Western Australia, Australia"
"Dentiraja oculata  (Last, 2008)","(Last, 2008)",2008,Australian Ocellate Skate,"Western Australia, Australia"
"Dipturus acrobelus  Last, White & Pogonoski, 2008","Last, White & Pogonoski, 2008",2008,Australian Deepwater Skate,"Tasmania, Australia"
"Dipturus apricus  Last, White & Pogonoski, 2008","Last, White & Pogonoski, 2008",2008,Pale Tropical Skate,"Queensland, Australia"
"Dipturus canutus  Last, 2008","Last, 2008",2008,Grey Skate,"Tasmania, Australia"
"Dipturus grahami  Last, 2008","Last, 2008",2008,Graham's Skate,"New South Wales, Australia"
"Dipturus melanospilus  Last, White & Pogonoski, 2008","Last, White & Pogonoski, 2008",2008,Blacktip Skate,"Queensland, Australia"
"Dipturus queenslandicus Last, White & Pogonoski, 2008","Last, White & Pogonoski, 2008",2008,Queensland Deepwater Skate,"Queensland, Australia"
"Dipturus wengi  S�ret & Last, 2008","S�ret & Last, 2008",2008,Weng's Skate,"New South Wales, Australia"
"Dipturus wuhanlingi  Jeong & Nakabo, 2008","Jeong & Nakabo, 2008",2008,China Skate,South China Sea
"Leucoraja pristispina  Last, Stehmann & S�ret, 2008","Last, Stehmann & S�ret, 2008",2008,Sawback Skate,"Western Australia, Australia"
"Neoraja iberica  Stehmann, S�ret, Costa & Baro, 2008","Stehmann, S�ret, Costa & Baro, 2008",2008,Iberian Dwarf Skate,"Iberian Peninsula, eastern N Atlantic"
"Okamejei arafurensis  Last & Gledhill, 2008","Last & Gledhill, 2008",2008,Arafura Skate,"Northern Territory, Australia"
"Okamejei leptoura  Last & Gledhill, 2008","Last & Gledhill, 2008",2008,Australian Thintail Skate,"Western Australia, Australia"
"Rajella challengeri  Last & Stehmann, 2008","Last & Stehmann, 2008",2008,Challenger Skate,"Tasmania, Australia"
"Zearaja argentinensis  (de Astarloa, Mabragana, Hanner & Figueroa, 2008)","(deAstarloa, Mabragana, Hanner & Figueroa, 2008)",2008,Argentine Skate,Argentina
"Sinobatis bulbicauda  Last & S�ret, 2008","Last & S�ret, 2008",2008,West Australian Legskate,"Western Australia, Australia"
"Sinobatis caerulea  Last & S�ret, 2008","Last & S�ret, 2008",2008,Indigo Legskate,"Western Australia, Australia"
"Sinobatis filicauda  Last & S�ret, 2008","Last & S�ret, 2008",2008,East Australian Legskate,"Queensland, Australia"
"Hemitrygon parvonigra  (Last & White, 2008)","(Last & White, 2008)",2008,Dwarf Black Stingray,"Western Australia, Australia"
"Himantura leoparda  Manjaji-Matsumoto & Last, 2008","Manjaji-Matsumoto & Last, 2008",2008,Leopard Whipray,"Queensland, Australia"
"Maculabatis astra  (Last, Manjaji-Matsumoto & Pogonoski, 2008)","(Last, Manjaji-Matsumoto & Pogonoski, 2008)",2008,Blackspotted Whipray,"Queensland, Australia"
"Neotrygon picta  Last & White, 2008","Last & White, 2008",2008,Speckled Maskray,"Queensland, Australia"
"Urogymnus dalyensis  (Last & Manjaji-Matsumoto, 2008)","(Last & Manjaji-Matsumoto, 2008)",2008,Freshwater Whipray,"Western Australia, Australia"
"Potamotrygon boesemani  Rosa, de Carvalho & Wanderley, 2008","Rosa, de Carvalho & Wanderley, 2008",2008,Surinam Freshwater Stingray,Suriname
"Trygonoptera galba Last & Yearsley, 2008","Last & Yearsley, 2008",2008,Yellow Shovelnose Stingaree,"Western Australia, Australia"
"Trygonoptera imitata  Yearsley, Last & Gomon, 2008","Yearsley, Last & Gomon, 2008",2008,Eastern Shovelnose Stingaree,"Victoria, Australia"
"Chimaera argiloba Last, White & Pogonoski, 2008 ","Last, White & Pogonoski, 2008",2008,Whitefin Chimaera,"Western Australia, Australia"
"Chimaera fulva Didier, Last & White, 2008 ","Didier, Last & White, 2008",2008,Southern Chimaera,"Victoria, Australia"
"Chimaera macrospina Didier, Last & White, 2008 ","Didier, Last & White, 2008",2008,Longspine Chimaera,"New South Wales, Australia"
"Chimaera obscura Didier, Last & White, 2008 ","Didier, Last & White, 2008",2008,Shortspine Chimaera,"New South Wales, Australia"
"Hydrolagus homonycteris  Didier, 2008","Didier, 2008",2008,Black Ghostshark,"Tasmania, Australia"
"Hydrolagus marmoratus  Didier, 2008","Didier, 2008",2008,Marbled Ghostshark,"New South Wales, Australia"
"Chlamydoselachus africana  Ebert & Compagno, 2009","Ebert & Compagno, 2009",2009,Southern African Frilled Shark,Namibia
"Hemitriakis indroyonoi White, Compagno & Dharmadi, 2009","White, Compagno & Dharmadi, 2009",2009,Indonesian Hound Shark,"Bali, Indonesia"
"Notoraja sapphira  S�ret & Last, 2009","S�ret & Last, 2009",2009,Sapphire Skate,Norfolk Ridge
"Hydrolagus melanophasma James, Ebert, Long & Didier, 2009","James, Ebert, Long & Didier, 2009",2009,Eastern Pacific Black Ghostshark,"Baja California, Mexico"
"Orectolobus leptolineatus  Last, Pogonoski & White, 2010","Last, Pogonoski & White, 2010",2010,Indonesian Wobbegong,"Bali, Indonesia"
Hemiscyllium michaeli  Allen & Dudgeon 2010,"Allen & Dudgeon, 2010",2010,Leopard Epaulette Shark ,"Harvey Bay, Papua New Guinea"
"Rhynchobatus springeri  Compagno & Last, 2010","Compagno & Last, 2010",2010,Broadnose Wedgefish,"Jakarta, Indonesia"
"Okamejei cairae  Last, Fahmi & Ishihara, 2010","Last, Fahmi & Ishihara, 2010",2010,Borneo Sand Skate,"Pontianak, Borneo, Indonesia"
"Orbiraja jensenae  (Last & Lim, 2010)","(Last & Lim, 2010)",2010,Sulu Ring Skate,"Dipolog, Philippines"
"Cruriraja hulleyi  Aschliman, Ebert & Compagno, 2010","Aschliman, Ebert & Compagno, 2010",2010,Hulley's Pygmy Skate,South Africa
"Neotrygon ningalooensis  Last, White & Puckridge, 2010","Last, White & Puckridge, 2010",2010,Ningaloo Maskray,"Ningaloo, Western Australia"
"Pastinachus gracilicaudus  Last & Manjaji-Matsumoto, 2010","Last & Manjaji-Matsumoto, 2010",2010,Narrow Cowtail Ray,"Kota Kinabalu, Sabah, Malaysia"
"Pastinachus stellurostris  Last, Fahmi & Naylor, 2010","Last, Fahmi & Naylor, 2010",2010,Starrynose Cowtail Ray,"Pemangkat, Borneo, Indonesia"
"Chimaera bahamaensis Kemper, Ebert, Didier & Compagno, 2010","Kemper, Ebert, Didier & Compagno, 2010",2010,Bahamas Ghost Shark,Bahamas
"Chimaera notafricana Kemper, Ebert, Compagno & Didier, 2010","Kemper, Ebert, Compagno & Didier, 2010",2010,Cape Chimaera,"Cape Aguhlas, South Africa"
"Squalus formosus  White & Iglesias, 2011","White & Iglesias, 2011",2011,Taiwan Spurdog,
"Etmopterus joungi  Knuckey, Ebert & Burgess, 2011","Knuckey, Ebert & Burgess, 2011",2011,Shortfin Smooth Lanternshark,Taiwan
"Etmopterus sculptus  Ebert, Compagno & De Vries, 2011","Ebert, Compagno & De Vries, 2011",2011,Sculpted Lanternshark,
"Etmopterus viator  Straube, 2011","Straube, 2011",2011,Traveller Lanternshark,Kerguelen Plateau
"Pristiophorus nancyae  Ebert & Cailliet, 2011","Ebert & Cailliet, 2011",2011,African Dwarf Sawshark,Mozambique
"Squatina caillieti  Walsh, Ebert & Compagno, 2011","Walsh, Ebert & Compagno, 2011",2011,Philippines Angelshark,"Luzon, Philippines"
"Cephaloscyllium stevensi  Clark & Randall, 2011","Clark & Randall, 2011",2011,Steven's Swellshark,Papua New Guinea
"Gollum suluensis  Last & Gaudiano, 2011","Last & Gaudiano, 2011",2011,Sulu Gollumshark,Philippines
"Iago mangalorensis  (Cubelio, Kurup & Kurup, 2011)","(Cubelio, Kurup & Kurup, 2011)",2011,,"Mangalore, India"
"Platyrhina hyugaensis  Iwatsuki, Miyamoto & Nakaya, 2011","Iwatsuki, Miyamoto & Nakaya, 2011",2011,Hyuga Fanray,"Miyazaki, Japan"
"Platyrhina tangi  Iwatsuki, Zhang & Nakaya, 2011","Iwatsuki, Zhang & Nakaya, 2011",2011,Yellowspotted Fanray,"Miyazaki, Japan"
"Bathyraja panthera  Orr, Stevenson, Hoff, Spies & McEachran, 2011","Orr, Stevenson, Hoff, Spies & McEachran, 2011",2011,Panther Skate,
"Heliotrygon gomesi  de Carvalho & Lovejoy, 2011","de Carvalho & Lovejoy, 2011",2011,Gomes�s Round Ray,"Amazon River, Brazil"
"Heliotrygon rosai  de Carvalho & Lovejoy, 2011","de Carvalho & Lovejoy, 2011",2011,Rosa�s Round Ray,"Amazon River, Brazil"
"Plesiotrygon nana  de Carvalho & Ragno, 2011","de Carvalho & Ragno, 2011",2011,Dwarf Antenna Ray,Peru
"Potamotrygon tatianae  Silva & de Carvalho, 2011","Silva & de Carvalho, 2011",2011,Tatiana's Freshwater Stingray,Peru
"Potamotrygon tigrina  de Carvalho, Sabaj-Perez & Lovejoy, 2011","de Carvalho, Sabaj-Perez & Lovejoy, 2011",2011,Tiger Freshwater Stingray,Peru
"Chimaera opalescens Luchetti, Iglesias & Sellos, 2011","Luchetti, Iglesias & Sellos, 2011",2011,Opal Chimaera,
"Bythaelurus giddingsi  McCosker, Long & Baldwin, 2012","McCosker, Long & Baldwin, 2012",2012,Jaguar Catshark,Galapagos Islands
"Bathyraja leucomelanos  Igl�sias & L�vy-Hartmann, 2012","Igl�sias & L�vy-Hartmann, 2012",2012,Domino Skate,New Caledonia
"Brochiraja heuresa  Last & S�ret, 2012","Last & S�ret, 2012",2012,Eureka Skate,Norfolk Ridge
"Brochiraja vittacauda  Last & S�ret, 2012","Last & S�ret, 2012",2012,Ribbontail Skate,Norfolk Ridge
"Notoraja alisae  S�ret & Last, 2012","S�ret & Last, 2012",2012,Alis' Velvet Skate,Norfolk Ridge
"Notoraja fijiensis  S�ret & Last, 2012","S�ret & Last, 2012",2012,Fijian Velvet Skate,Fiji
"Notoraja inusitata  S�ret & Last, 2012","S�ret & Last, 2012",2012,Strange Skate,"Espiritu Santo, Vanuatu"
"Notoraja longiventralis  S�ret & Last, 2012","S�ret & Last, 2012",2012,Longlobe Velvet Skate,Fiji
"Maculabatis randalli  (Last, Manjaji-Matsumoto & Moore, 2012)","(Last, Manjaji-Matsumoto & Moore, 2012)",2012,Arabian Banded Whipray,Kuwait
"Myliobatis ridens  Ruocco, Lucifora, D�az de Astarloa, Mabraga�a & Delpiani, 2012","Ruocco, Lucifora, D�az de Astarloa, Mabraga�a & Delpiani, 2012",2012,Shortnose Eagle Ray,"Bah�a Samboromb�n, San Clemente del Tuy�, Argentina"
"Pristiophorus lanae  Ebert & Wilms, 2013","Ebert & Wilms, 2013",2013,Philippine Sawshark,Philippines
"Hemiscyllium halmahera  Allen, Erdmann & Dudgeon, 2013","Allen, Erdmann & Dudgeon, 2013",2013,Halmahera Epaulette Shark,"Halmahera, Indonesia"
"Apristurus garricki  Sato, Stewart & Nakaya, 2013","Sato, Stewart & Nakaya",2013,Garrick's Catshark,"North Island, New Zealand"
"Apristurus nakayai  Igl�sias, 2013","Igl�sias, 2013",2013,Milk-eye Catshark,New Caledonia
"Planonasus parini  Weigmann, Stehmann & Thiel, 2013","Weigmann, Stehmann & Thiel, 2013",2013,Pygmy False Catshark,Socotra Islands
"Sphyrna gilberti  Quattro, Driggers, Grady, Ulrich & Roberts, 2013","Quattro, Driggers, Grady, Ulrich & Roberts, 2013",2013,Carolina Hammerhead,"South Carolina, USA"
"Rhynchobatus immaculatus  Last, Ho & Chen, 2013","Last, Ho & Chen, 2013",2013,Taiwanese Wedgefish,Taiwan
"Dipturus amphispinus  Last & Alava, 2013","Last & Alava, 2013",2013,Ridgeback Skate,"Zamboanga, Philippines"
"Brevitrygon javaensis  (Last & White, 2013)","(Last & White, 2013)",2013,Javan Whipray,"Java, Indonesia"
"Hemitrygon longicauda (Last & White, 2013)","(Last & White, 2013)",2013,Merauke Stingray,"Merauke, Indonesia"
"Potamotrygon amandae  Loboda & de Carvalho, 2013 ","Loboda & de Carvalho, 2013",2013,Amanda's Freshwater Stingray,Brazil
"Potamotrygon patanensis  Loboda & de Carvalho, 2013 ","Loboda & de Carvalho, 2013",2013,Patanal Freshwater Stingray,Brazil
"Aetobatus narutobiei  White, Furumitsu & Yamaguchi, 2013","White, Furumitsu & Yamaguchi, 2013",2013,Naru Eagle Ray,"Ariake Bay, Japan"
"Apristurus breviventralis  Kawauchi, Weigmann & Nakaya, 2014","Kawauchi, Weigmann & Nakaya, 2014",2014,Shortbelly Catshark,Gulf of Aden
"Carcharhinus humani  White & Weigmann, 2014","White & Weigmann, 2014",2014,Human's Shark,Socotra Islands
"Rhinobatos whitei  Last, Corrigan & Naylor, 2014","Last, Corrigan & Naylor, 2014",2014,Philippine Guitarfish,Philippines
"Rajella paucispinosa  Weigmann, Stehmann & Thiel, 2014","Weigmann, Stehmann & Thiel, 2014 ",2014,Sparsethorn Skate,Mozambique
"Potamotrygon limai  Fontenelle, Silva & de Carvalho, 2014","Fontenelle, Silva & de Carvalho, 2014",2014,Madeira Freshwater Stingray,"Rond�nia, Brazil"
"Chimaera carophila Kemper, Ebert, Naylor & Didier, 2014","Kemper, Ebert, Naylor & Didier, 2014",2014,Brown Chimaera,New Zealand
"Chimaera orientalis Angulo, Lopez, Bussing & Murase, 2014","Angulo, Lopez, Bussing & Murase, 2014",2014,Eastern Pacific Black Chimaera,Costa Rica
"Etmopterus benchleyi  Vasquez, Ebert & Long, 2015","Vasquez, Ebert & Long, 2015",2015,Ninja Lanternshark,Costa Rica
"Ginglymostoma unami  Del Moral-Flores, Ramirez-Antonio, Angulo & Perez-Ponce de Leon, 2015","Del Moral-Flores, Ramirez-Antonio, Angulo & Perez-Ponce de Leon, 2015",2015,Pacific Nurse Shark,Mexico
"Bythaelurus naylori  Ebert & Clerkin, 2015","Ebert & Clerkin, 2015",2015,Dusky Snout Catshark,Southwest Indian Ridge
"Bythaelurus tenuicephalus  Kaschner, Weigmann & Thiel, 2015","Kaschner, Weigmann & Thiel, 2015",2015,Narrowhead Catshark,north Tanzania
"Atelomycterus erdmanni  Fahmi & White, 2015","Fahmi & White, 2015",2015,Spotted-belly Catshark,"Sulawesi, Indonesia"
"Scyliorhinus ugoi  Soares, Gadig & Gomes, 2015","Soares, Gadig & Gomes, 2015",2015,Ugo's Catshark,Brazil
"Tetronarce cowleyi  Ebert, Haas & de Carvalho, 2015","Ebert, Haas & de Carvalho, 2015",2015,South African Torpedo,South Africa
"Okamejei ornata  Weigmann, Stehmann & Thiel, 2015","Weigmann, Stehmann & Thiel, 2015",2015,Ornate Skate,Socotra Islands
"Urobatis pardalis  Moral-Flores, Angulo, Lopez & Bussing, 2015","Moral-Flores, Angulo, Lopez & Bussing, 2015",2015,Leopard Round Ray,Costa Rica
"Aetomylaeus caeruleofasciatus White, Last & Baje, 2015","White, Last & Baje, 2015",2015,Bluebanded Eagle Ray,Western Australia
"Squalus albicaudus Viana, de Carvalho & Gomes, 2016","Viana, de Carvalho & Gomes, 2016",2016,Brazilian Whitetail Dogfish,Brazil
"Squalus bahiensis Viana, de Carvalho & Gomes, 2016","Viana, de Carvalho & Gomes, 2016",2016,Northeastern Brazilian Dogfish,Brazil
"Squalus lobularis Viana, de Carvalho & Gomes, 2016","Viana, de Carvalho & Gomes, 2016",2016,Atlantic Lobefin Dogfish,Argentina
"Squalus quasimodo Viana, de Carvalho & Gomes, 2016","Viana, de Carvalho & Gomes, 2016",2016,Humpback Western Dogfish,Brazil
"Etmopterus alphus Ebert, Straube, Leslie & Weigmann, 2016","Ebert, Straube, Leslie & Weigmann, 2016",2016,Whitecheek Lanternshark,Mozambique
"Squatina david  Acero, Tavera, Anguila & Hernandez, 2016","Acero, Tavera, Anguila & Hernandez, 2016",2016,David's Angelshark,Colombian Caribbean
"Bythaelurus bachi  Weigmann, Ebert, Clerkin, Stehmann & Naylor, 2016","Weigmann, Ebert, Clerkin, Stehmann & Naylor, 2016",2016,Bach's Catshark,Madagascar Ridge
"Galeus corriganae  White, Mana & Naylor, 2016","White, Mana & Naylor, 2016",2016,Corrigan's Catshark,Papua New Guinea
"Scyliorhinus cabofriensis  Soares, Gomes & de Carvalho, 2016","Soares, Gomes & de Carvalho, 2016",2016,,Brazil
"Rhynchobatus cooki  Last, Kyne & Compagno, 2016","Last, Kyne & Compagno, 2016",2016,Roughnose Wedgefish,Singapore
"Rhynchorhina mauritaniensis  S�ret & Naylor, 2016","S�ret & Naylor, 2016",2016,False Shark Ray,Mauritania
"Acroteriobatus omanensis Last, Henderson & Naylor, 2016","Last, Henderson & Naylor, 2016",2016,Oman Guitarfish,
"Rhinobatos borneensis Last, S�ret & Naylor, 2016","Last, S�ret & Naylor, 2016",2016,Borneo Guitarfish,Borneo
"Rhinobatos manai White, Last & Naylor, 2016","White, Last & Naylor, 2016",2016,Papuan Guitarfish,"New Ireland, Papua New Guinea"
"Platyrhina psomadakisi White & Last, 2016","White & Last, 2016",2016,Andaman Fanray,Andaman Sea
"Zanobatus maculatus S�ret, 2016","S�ret, 2016",2016,Maculate Panray,Gulf of Guinea
"Narcine baliensis de Carvalho & White, 2016","de Carvalho & White, 2016",2016,Indonesian Numbfish,between Bali and Lombok
"Bathyraja pacifica Last & Stewart, 2016","Last & Stewart, 2016",2016,Pacific Blonde Skate,Norfolk Ridge
"Notoraja martinezi Concha, Ebert & Long, 2016","Concha, Ebert & Long, 2016",2016,Barbedwire-tailed skate,Ecuador
"Raja parva Last & S�ret, 2016","Last & S�ret, 2016",2016,Brown Peacock Skate,Senegal
"Sinobatis andamanensis  Last & Bussarawit, 2016","Last & Bussarawit, 2016",2016,Andaman Legskate,Andaman Sea
"Sinobatis brevicauda  Weigmann  & Stehmann, 2016","Weigmann  & Stehmann, 2016",2016,Short-tail Legskate,Saya de Malha Bank
"Sinobatis kotlyari  Stehmann & Weigmann, 2016","Stehmann & Weigmann, 2016",2016,Kotlyar's Legskate,"Broken Ridge, Indian Ocean"
"Himantura australis  Last, White & Naylor, 2016","Last, White & Naylor, 2016",2016,Australian Whipray,Papua New Guinea
"Maculabatis ambigua  Last, Bogorodsky & Alpermann, 2016","Last, Bogordosky & Alpermann, 2016",2016,Baraka's Whipray,Saudi Arabia
"Maculabatis arabianensis  Manjaji-Matsumoto & Last, 2016","Manjaji-Matsumoto & Last, 2016",2016,Pakistan Whipray,Pakistan
"Maculabatis bineeshi  Manjaji-Matsumoto & Last, 2016","Manjaji-Matsumoto & Last, 2016",2016,Shorttail Whipray,India
"Neotrygon australiae  Last, White & S�ret, 2016","Last, White & S�ret, 2016",2016,Australian Bluespotted Maskray,northern Australia
"Neotrygon caeruleopunctata  Last, White & S�ret, 2016","Last, White & S�ret, 2016",2016,Bluespotted Maskray,"Bali, Indonesia"
"Neotrygon orientale  Last, White & S�ret, 2016","Last, White & S�ret, 2016",2016,Oriental Bluespotted Maskray,"Kalimantan, Indonesia"
"Taeniura lessoni  Last, White & Naylor, 2016","Last & Naylor, 2016",2016,Oceania Fantail Ray,Solomon Islands
"Urogymnus acanthobothrium Last, White & Kyne, 2016","Last, White and Kyne, 2016",2016,Mumburarr Whipray,Australia
"Potamotrygon albimaculata de Carvalho, 2016","de Carvalho, 2016",2016,Tapajos Freshwater Stingray,Brazil
"Potamotrygon jabuti de Carvalho, 2016","de Carvalho, 2016",2016,Pearl Freshwater Stingray,Brazil
"Potamotrygon rex de Carvalho, 2016","de Carvalho, 2016",2016,Giant Freshwater Stingray,Brazil
"Potamotrygon wallacei  de Carvalho, Rosa & Ara�jo, 2016","e Carvalho, Rosa & Ara�jo, 2016",2016,Wallace's Freshwater Stingray,Brazil
"Squalus mahia Viana, Lisher & de Carvalho, 2017","Viana, Lisher & de Carvalho, 2017",2017,Malagasy Skinny Dogfish,Madagascar
"Squalus margaretsmithae Viana, Lisher & de Carvalho, 2017","Viana, Lisher & de Carvalho, 2017",2017,Smith's Dogfish,South Africa
"Centrophorus lesliei  White, Ebert & Naylor, 2017","White, Ebert & Naylor, 2017",2017,African Gulper Shark,Mozambique
"Centrophorus longipinnis  White, Ebert & Naylor, 2017","White, Ebert & Naylor, 2017",2017,Longfin Gulper Shark,Taiwan
"Etmopterus lailae  Ebert, Papastamatiou, Kaijura & Wetherbee, 2017","Ebert, Papastamatiou, Kaijura & Wetherbee, 2017",2017,Laila�s Lanternshark,Hawaii
"Etmopterus samadiae  White, Ebert, Mana & Corrigan, 2017","White, Ebert, Mana & Corrigan, 2017",2017,Papuan Lanternshark,Papua New Guinea
"Apristurus yangi  White, Mana & Naylor, 2017","White, Mana & Naylor, 2017",2017,Yang�s Longnose Catshark,"Morobe, Papua New Guinea"
"Bythaelurus vivaldii  Weigmann & Kaschner, 2017","Weigmann & Kaschner, 2017",2017,Vivaldi's Catshark,off Somalia
"Rhinobatos austini  Ebert & Gon, 2017","Ebert & Gon, 2017",2017,Austin's Guitarfish,South Africa
"Notoraja sereti White, Last & Mana, 2017","White, Last & Mana, 2017",2017,Papuan Velvet Skate,Papua New Guinea
"Gymnura lessae  Yokota & de Carvalho, 2017","Yokota & de Carvalho, 2017",2017,Lessa's Butterfly Ray,"North Carolina, USA"
"Gymnura sereti  Yokota & de Carvalho, 2017","Yokota & de Carvalho, 2017",2017,S�ret's Butterfly Ray,Liberia
"Neotrygon bobwardi  Borsa, Arlyza, Hoareau & Shen, 2017","Borsa, Arlyza, Hoareau & Shen, 2017",2017,Bob Ward's Maskray,"Aceh, Indonesia"
"Neotrygon indica  Pavan-Kumar, Kumar & Borsa, 2017","Pavan-Kumar, Kumar & Borsa, 2017",2017,Indian Bluespotted Maskray,India
"Neotrygon malaccensis Borsa, Arlyza, Hoareau & Shen, 2017","Borsa, Arlyza, Hoareau & Shen, 2017",2017,Malacca Strait Maskray,"Sumatra, Indonesia"
"Neotrygon moluccensis Borsa, Arlyza, Hoareau & Shen, 2017","Borsa, Arlyza, Hoareau & Shen, 2017",2017,Moluccan Maskray,"Kei Islands, Indonesia"
"Neotrygon westpapuensis Borsa, Arlyza, Hoareau & Shen, 2017","Borsa, Arlyza, Hoareau & Shen, 2017",2017,West Papuan  Maskray,"West Papua, Indonesia"
"Potamotrygon adamastor  Fontenelle & de Carvalho, 2017","Fontenelle, J.P. & de Carvalho, 2017",2017,,Brazil
"Potamotrygon amazona Fontenelle, & de Carvalho, 2017","Fontenelle, J.P. & de Carvalho, 2017",2017,,Brazil
"Potamotrygon garmani  Fontenelle, J.P. & de Carvalho, 2017","Fontenelle, J.P. & de Carvalho, 2017",2017,,Brazil
"Chimaera buccanigella Clerkin, Ebert & Kemper, 2017","Clerkin, Ebert & Kemper, 2017",2017,Dark-mouth Chimaera,Walters Shoal
"Chimaera didierae Clerkin, Ebert & Kemper, 2017","Clerkin, Ebert & Kemper, 2017",2017,The Falkor Chimaera,Madagascar Ridge
"Chimaera willwatchi Clerkin, Ebert & Kemper, 2017","Clerkin, Ebert & Kemper, 2017",2017,Seafarer�s Ghost Shark,Southwest Indian Ocean Ridge
"Hydrolagus erithacus  Walovich, Ebert & Kemper, 2017","Walovich, Ebert & Kemper, 2017",2017,Robin�s Ghostshark,Southeastern Atlantic
"Squalus clarkae  Pfleger, Grubbs, Cotton & Daly-Engel, 2018","Pfleger, Grubbs, Cotton & Daly-Engel, 2018",2018,Genie's Dogfish,Gulf of Mexico
"Squalus hawaiiensis  Daly-Engel, Koch, Anderson, Cotton & Grubbs, 2018","Daly-Engel, Koch, Anderson, Cotton & Grubbs, 2018",2018,Hawaiian Spurdog,Hawaii
"Etmopterus marshae Ebert & van Hees, 2018","Ebert & van Hees, 2018",2018,Marsha's Lanternshark,Philippines
"Etmopterus parini  Dolganov & Balanov, 2018","Dolganov & Balanov, 2018",2018,Parin's Lanternshark,Open waters of the northwestern Pacific
"Squatina varii  Vaz & Carvalho, 2018","Vaz & Carvalho, 2018",2018,,Brazil
"Bythaelurus stewarti  Weigmann, Kaschner & Thiel, 2018","Weigmann, Kaschner & Thiel, 2018",2018,Error Seamount Catshark,Error Seamount
"Parmaturus nigripalatum  Fahmi & Ebert, 2018","Fahmi & Ebert, 2018",2018,Indonesian Filetail Catshark,"Sumbawa, Indonesia"
"Planonasus indicus  Ebert, Akhilesh & Weigmann, 2018","Ebert, Akhilesh & Weigmann, 2018",2018,Eastern Dwarf False Catshark,"Cochin, India"
"Squalus boretzi  Dolganov, 2019","Dolganov, 2019",2019,Boretzi's Spurdog,NW Pacific Ocean
"Mollisquama mississippiensis  Grace, Doosey, Denton, Naylor, Bart & Maisey, 2019","Grace, Doosey, Denton, Naylor, Bart & Maisey, 2019",2019,,Gulf of Mexico
"Parmaturus angelae  Soares, Carvalho, Schwingel & Gadig 2019","Soares, Carvalho, Schwingel & Gadig 2019",2019,Brazilian Filetail Catshark,Brazil
"Akheilos suwartanai  White, Fahmi & Weigmann, 2019","White, Fahmi & Weigmann, 2019",2019,Ambon Catshark,"Ambon, Indonesia"
"Carcharhinus obsoletus  White, Kyne & Harris 2019","White, Kyne & Harris, 2019",2019,Lost Shark,Bangkok
"Pseudobatos buthi  Rutledge, 2019","Rutledge, 2019",2019,Spadenose Guitarfish,"Gulf of California, Mexico"
"Rhinobatos ranongensis  Last, S�ret & Naylor, 2019","Last, S�ret & Naylor, 2019",2019,Ranong Guitarfish,Myanmar
"Leucoraja elaineae  Ebert & Leslie, 2019","Ebert & Leslie, 2019",2019,Elaine's Skate,Kenya
"Potamotrygon marquesi  Silva & Loboda, 2019","Silva & Loboda, 2019",2019,,Brazil
"Squalus shiraii  Viana & de Carvalho, 2020","Viana & de Carvalho, 2020",2020,Shirai's Spurdog ,Okinawa Trough
"Somniosus cheni  Hsu, Lin & Joung, 2020","Hsu, Lin & Joung, 2020",2020,Taiwan Sleeper Shark,eastern Taiwan
"Pliotrema annae  Weigmann, Gon, Leeney & Temple, 2020","Weigmann, Gon, Leeney & Temple, 2020",2020,Anna's sixgill sawshark,Zanzibar
"Pliotrema kajae  Weigmann, Gon, Leeney & Temple, 2020","Weigmann, Gon, Leeney & Temple, 2020",2020,Kaja�s sixgill sawshark,Madagascar
"Bathyraja sexoculata  Misawa, Orlov, Orlova, Goreev, Ishihara, Hamatsu, Ueda, Fujiwara, Endo & Kai, 2020","Misawa, Orlov, Orlova, Goreev, Ishihara, Hamatsu, Ueda, Fujiwara, Endo & Kai, 2020",2020,Simushir Skate,"Kuril Islands, Russia"
"Hemitrygon yemenensis  Moore, Last & Naylor, 2020","Moore, Last & Naylor, 2020",2020,Hein's Stingray,Yemen
"Hypanus berthalutzae Petean, Naylor & Lima 2020","Petean, Naylor & Lima, 2020",2020,Lutz's Stingray,Brazil
"Potamotrygon roulini  Roberts, 2020","Roberts, 2020",2020,Roulin's Freshwater Stingray,Colombia
"Etmopterus brosei  Ebert, Leslie & Weigmann, 2021","Ebert, Leslie & Weigmann, 2021",2021,Barrie�s Lanternshark,South Africa + SW Indian
"Apristurus manocheriani  Cordova & Ebert, 2021","Cordova & Ebert, 2021",2021,Manocherian�s Catshark,SW Indian Ocean
"Mustelus andamanensis  White, Arunrugstichai & Naylor, 2021","White, Arunrugstichai & Naylor, 2021",2021,Andaman Smoothhound,Thailand
"Rhynchobatus mononoke  Koeda, Itou, Yamada & Motomura, 2021","Koeda, Itou, Yamada & Motomura, 2021",2021,Japanese Wedgefish,"Kagoshima, Japan"
"Glaucostegus younholeei  Habib & Islam, 2021","Habib & Islam, 2021",2021,Bangladeshi guitarfish,Bangladesh
"Raja mauritaniensis White & Fricke, 2021","White & Fricke, 2021",2021,African Skate,Mauritania
"Squalus bassi  Viana, de Carvalho & Ebert, 2017","Viana, de Carvalho & Ebert, 2017",2017,,South Africa
"Notoraja hesperindica  Weigmann, Seret & Stehmann, 2021","Weigmann, Seret & Stehmann, 2021",2021,Western Blue Skate,southern Mozambique
,,,,
,,,,
,,,,
,,,,
,,,,
,,,,
,,,,
,,,,
,,,,
,,,,
,,,,
,,,,
,,,,
,,,,
,,,,
,,,,
,,,,
,,,,
,,,,
,,,,
,,,,
,,,,
,,,,
,,,,
,,,,
,,,,
,,,,
,,,,
,,,,
,,,,
,,,,
,,,,
,,,,
,,,,
,,,,
,,,,
,,,,
,,,,
,,,,
,,,,
,,,,
,,,,
,,,,
,,,,
,,,,
,,,,
,,,,
,,,,
,,,,
,,,,
,,,,
,,,,
,,,,
,,,,
,,,,
,,,,
,,,,
,,,,
,,,,
,,,,
,,,,
,,,,
,,,,
,,,,
,,,,
,,,,
,,,,
